https://www.agenciasinc.es/feed/Tierra, agenciasinc, ciencia
https://www.agenciasinc.es/feed/Tecnologia, agenciasinc, ciencia
https://www.agenciasinc.es/feed/Salud, agenciasinc, ciencia
https://www.agenciasinc.es/feed/Ciencias, agenciasinc, ciencia
https://www.agenciasinc.es/feed/Sociedad, agenciasinc, ciencia
https://www.agenciasinc.es/feed/Innovacion, agenciasinc, ciencia
https://www.agenciasinc.es/feed/Noticias, agenciasinc, ciencia
https://www.agenciasinc.es/feed/Entrevistas, agenciasinc, ciencia
https://www.agenciasinc.es/feed/Visual, agenciasinc, ciencia
https://www.agenciasinc.es/feed/Agenda, agenciasinc, ciencia
https://www.agenciasinc.es/feed/Opinion, agenciasinc, ciencia
https://www.lamarea.com/feed/, lamarea, portada
https://www.lamarea.com/secciones/cultura/feed/, lamarea, cultura
https://www.lamarea.com/secciones/internacional/feed/, lamarea, internacional
https://www.lamarea.com/secciones/politica/rss, lamarea, politica
https://www.lamarea.com/secciones/cambio-climatico/feed, lamarea, medioambiente
https://www.lamarea.com/secciones/opinion/, lamarea, opinion
https://www.lamarea.com/secciones/sociedad/rss, lamarea, sociedad
https://www.lamarea.com/secciones/economia/rss, lamarea, economia
https://www.elsaltodiario.com/radical-magazine/feed, elsalto, portada
https://www.elsaltodiario.com/global/feed, elsalto, internacional
https://www.elsaltodiario.com/el-salmon-contracorriente/feed, elsalto, economia
https://www.elsaltodiario.com/actualidad/feed, elsalto, actualidad
https://www.elsaltodiario.com/general/feed, elsalto, portada
http://feeds.weblogssl.com/elblogsalmon2, elblogsalmon, economia
http://feeds.weblogssl.com/xataka2, xataka, tecnologia
http://feeds.weblogssl.com/vidaextra, vidaextra, videojuegos
http://feeds.weblogssl.com/espinof, espinof, cine
http://feeds.weblogssl.com/vitonica, vitonica, fitness
http://feeds.weblogssl.com/trendencias, trendencias, moda
http://feeds.weblogssl.com/compradiccion, compradiccion, compras
https://www.pikaramagazine.com/feed/, pikara, feminismo
https://www.pikaramagazine.com/category/ficciones/feed/, pikara, feminismo
https://www.pikaramagazine.com/category/planeta/feed/, pikara, feminismo
https://www.pikaramagazine.com/category/en_red/feed/, pikara, feminismo
https://www.pikaramagazine.com/category/voces/feed/, pikara, feminismo
http://feeds.weblogssl.com/xatakaciencia, xataka, ciencia
http://feeds.weblogssl.com/xatakandroid, xataka, tecnologia
http://feeds.weblogssl.com/genbeta, genbeta, tecnologia
http://feeds.weblogssl.com/trendenciashombre, trendencias, moda
http://feeds.weblogssl.com/poprosa, poprosa, cotilleo
http://feeds.weblogssl.com/xatakamagnet2, magnet,
