https://www.elsaltodiario.com/general/feed,elsalto,politica
http://feeds.weblogssl.com/elblogsalmon2,elblogsalmon,economia
https://www.lamarea.com/feed/,lamarea,politica
https://www.pikaramagazine.com/feed/,pikara,feminismo
https://www.pikaramagazine.com/category/en_red/feed/,pikara,feminismo
https://www.pikaramagazine.com/category/cuerpos/,pikara,feminismo
https://www.pikaramagazine.com/category/ficciones/feed/,pikara,feminismo
https://www.pikaramagazine.com/category/planeta/feed,pikara,feminismo
https://www.pikaramagazine.com/category/voces/feed,pikara,feminismo
http://feeds.weblogssl.com/diariodelviajero,diariodelviajero,viajes
http://feeds.weblogssl.com/bebesymas,bebesymas,bebes
http://feeds.weblogssl.com/motorpasion,motorpasion,motor
http://feeds.weblogssl.com/xatakahome,xatakahome,tecnologia
http://feeds.weblogssl.com/xatakamagnet2,magnet,internet
http://feeds.weblogssl.com/poprosa,poprosa,cotilleo
http://feeds.weblogssl.com/elblogsalmon2,elblogsalmon,economia
http://feeds.weblogssl.com/xataka2,xataka,tecnologia
http://feeds.weblogssl.com/vidaextra,vidaextra,videojuegos
http://feeds.weblogssl.com/espinof,espinof,cine
http://feeds.weblogssl.com/vitonica,vitonica,fitness
http://feeds.weblogssl.com/trendencias,trendencias,moda
http://feeds.weblogssl.com/trendenciashombre,trendencias,moda
http://feeds.weblogssl.com/compradiccion,compradiccion,compras
http://feeds.weblogssl.com/xatakaciencia,xatakaciencia,ciencia
http://feeds.weblogssl.com/xatakandroid,xatakaandroid,tecnologia
http://feeds.weblogssl.com/genbeta,genbeta,tecnologia
https://www.microsiervos.com/index.xml,microsiervos,tecnologia
https://www.agenciasinc.es/feed/Tecnologia,sinc,ciencia
https://www.agenciasinc.es/feed/Salud,sinc,ciencia
https://www.agenciasinc.es/feed/Ciencias,sinc,ciencia
https://www.agenciasinc.es/feed/Sociedad,sinc,ciencia
https://www.agenciasinc.es/feed/Innovacion,sinc,ciencia
https://www.agenciasinc.es/feed/Noticias,sinc,ciencia
https://www.agenciasinc.es/feed/Entrevistas,sinc,ciencia
https://www.agenciasinc.es/feed/Opinion,sinc,ciencia
https://elordenmundial.com/feed/,elordenmundial,politica
https://www.cuartopoder.es/feed/,cuartopoder,politica
https://www.politikon.es/feed/,politikon,politica